SEO_ID,PERMNO,filing_dt,Issuer_Borrower_Name_Full,SDC_Deal_Number,Gross_Proceeds,utility_flag,financial_flag,realestate_flag,sample_version
2038,15493,15NOV2016,Aqua Metals Inc,3036686002,20000000,1,0,0,2
8411,20834,07FEB2023,Longboard Pharmaceuticals Inc,4036870002,20000000,0,0,0,2
3673,16008,17JUL2018,Global Water Resources Inc,3268036002,13875000,1,0,0,2
6704,92648,15MAR2021,Colfax Corp,3711751002,644000000,0,0,0,2
3552,75860,05JUN2018,ImmunoGen Inc,3252501002,150700000,0,0,0,2
4871,15284,21JAN2020,Blueprint Medicines Corp,3505781002,324999936,0,0,0,2
6355,18408,03FEB2021,Kaleido Biosciences Inc,3694508002,60375000,0,0,0,2
1956,91964,07SEP2016,Ocean Power Technologies Inc,3003322002,6600000,0,0,0,2
8710,76672,13JUN2023,RadNet Inc,4093443002,225356250,0,0,0,2
5726,18205,30SEP2020,Logicbio Therapeutics Inc,3643910002,42000000,0,0,0,2
2277,12356,26JAN2017,The KEYW Holding Corp,3065476002,89250000,0,0,0,2
4288,93436,01MAY2019,Tesla Inc,3387753002,749999817,0,0,0,2
3586,16816,12JUN2018,Brighthouse Financial Inc,3256257002,1030402706.5,0,1,0,2
4469,14991,18JUL2019,Atara Biotherapeutics Inc,3432038002,104999988.56,0,0,0,2
8526,20654,03APR2023,The Duckhorn Portfolio Inc,4062387002,92100000,0,0,0,2
6857,15407,15APR2021,SeaSpine Holdings Corp,3729032002,87750000,0,0,0,2
10104,18257,10DEC2024,Eton Pharmaceuticals Inc,4327634002,7000008,0,0,0,2
2226,12788,11JAN2017,Kosmos Energy Ltd,3060168002,199500000,0,0,0,2
7485,85002,12OCT2021,Sarepta Therapeutics Inc,3813317002,500000040,0,0,0,2
1196,15128,15JAN2016,Hortonworks Inc,2899090002,80037500,0,0,0,2
7947,87759,18JAN2022,TeraWulf Inc,3901985002,20573305.74,0,0,0,2
9616,12497,16JUN2024,Assembly Biosciences Inc,4249963002,9733230,0,0,0,2
3977,15221,26NOV2018,Rocket Pharmaceuticals Inc,3314080002,55025000,0,0,0,2
6923,14550,19FEB2020,Recro Pharma Inc,3739485002,29999999.25,0,0,0,2
2168,15022,14DEC2016,Veritex Holdings Inc,3049560002,86962500,0,1,0,2
3715,80306,01AUG2018,BioCryst Pharmaceuticals Inc,3273512002,50000005,0,0,0,2
3060,16554,13NOV2017,Jeld-Wen Holding Inc,3177966002,421875000,0,0,0,2
2482,15065,06APR2017,FibroGen Inc,3090194002,119999812.5,0,0,0,2
8608,15059,08NOV2022,Coherus Biosciences Inc,4079245002,50000000.5,0,0,0,2
4132,14436,25FEB2019,Ultragenyx Pharmaceutical Inc,3352362002,304347840,0,0,0,2
6605,85187,01MAR2021,Heska Corp,3704030002,174999960,0,0,0,2
7926,58334,13AUG2021,Northwest Natural Holding Co,3896113002,125000000,1,0,0,2
5368,85726,30JUN2020,Denny's Corp,3596416002,73200000,0,0,0,2
395,13244,22MAY2014,Matador Resources Co,2743648002,193200000,0,0,0,2
8617,79859,16MAY2023,New York Community Bancorp Inc,4079845002,392271660.3,0,1,0,2
5844,16681,28OCT2020,Forte Biosciences Inc,3654076002,40000006.5,0,0,0,2
4574,17315,09SEP2019,Cardlytics Inc,3450894002,91608410,0,0,0,2
2157,83642,23AUG2016,ConnectOne Bancorp Inc,3049249002,35000000.75,0,1,0,2
9854,90400,23AUG2024,Arq Inc,4289023002,25042500,0,0,0,2
10116,90444,11DEC2024,Ormat Technologies Inc,4326380002,281940000,1,0,0,2
3980,31077,26NOV2018,Cubic Corp,3314488002,198000000,0,0,0,2
419,15067,10APR2015,Freshpet Inc,2742822002,114077645.97,0,0,0,2
7612,90386,04NOV2021,The Mosaic Co,3824387002,1269659724.1,0,0,0,2
1096,14695,08DEC2015,Kite Pharma Inc,2837840002,250125000,0,0,0,2
1815,79159,22JUL2016,Clayton Williams Energy Inc,2987174012,151533000,0,0,0,2
6951,82526,24MAY2021,Achieve Life Sciences Inc,3745075002,20000001,0,0,0,2
3510,15059,21MAY2018,Coherus Biosciences Inc,3246911002,74999988.5,0,0,0,2
7243,14229,29JUL2021,OneMain Holdings Inc,3779792002,560500000,0,1,0,2
2611,90178,23MAY2017,Alnylam Pharmaceuticals Inc,3107061002,359350000,0,0,0,2
3087,32986,28MAR2016,Atmos Energy Corp,3181199002,399999951,1,0,0,2
5036,18776,10APR2020,Immunovant Inc,3551042002,121211996,0,0,0,2
11166,24440,20NOV2025,OGE Energy Corp,4487701002,172500004,1,0,0,2
3747,16653,08AUG2018,Warrior Met Coal LLC,3276060002,56222553,0,0,0,2
3215,92032,24JAN2018,Albireo Pharma Inc,3206148002,65010000,0,0,0,2
5316,87439,18JUN2020,Intellicheck Inc,3590475002,9999996.5,0,0,0,2
4873,75860,22JAN2020,ImmunoGen Inc,3505981002,90631250,0,0,0,2
2846,10645,16AUG2017,Lakeland Industries Inc,3139430002,10005000,0,0,0,2
10498,21928,21FEB2025,IDACORP Inc,4394922002,500000055,1,0,0,2
3026,86547,07NOV2017,American Axle & Manufacturing Holdings Inc,3173602002,275400000,0,0,0,2
6313,87016,14NOV2019,PowerFleet Inc,3692032002,25025000,0,0,0,2
2554,13966,03MAY2017,Aratana Therapeutics Inc,3117711002,26250000,0,0,0,2
6717,14927,17MAR2021,ContraFect Corp,3713566002,50000000,0,0,0,2
9177,18376,28FEB2023,Alector Inc,4184166002,75000005.4,0,0,0,2
1931,16051,26SEP2016,Acacia Communications Inc,3014486002,450000000,0,0,0,2
5885,92775,16NOV2020,LendingTree Inc,3660720002,872015280,0,1,0,2
435,13105,09JUN2014,Acadia Healthcare Co Inc,2749041002,299250000,0,0,0,2
7953,17968,12APR2022,Liquidia Corp,3902026002,50000002.2,0,0,0,2
11309,20331,23MAY2025,Dogwood Therapeutics Inc,4514089002,6666001.8,0,0,0,2
3440,17135,23APR2018,Casa Systems Inc,3238012002,183750000,0,0,0,2
5961,19851,30NOV2020,Array Technologies Inc,3666668002,1115625000,0,0,0,2
1775,13544,30SEP2013,Hi-Crush Partners LP,2994484002,80275000,0,0,0,2
9540,19962,20MAY2024,Foghorn Therapeutics Inc,4236712002,70214144.89,0,0,0,2
4516,24985,05AUG2019,Ameren Corp,3438164002,560905931.5,1,0,0,2
6278,18783,26JAN2021,Personalis Inc,3691271002,150100000,0,0,0,2
5279,19081,09JUN2020,SiTime Corp,3586232002,112000000,0,0,0,2
7644,20568,08NOV2021,Apria Inc,3827862002,141750000,0,0,0,2
8246,16171,10NOV2022,Kinsale Capital Group Inc,3999607002,48515000,0,1,0,2
2303,16471,13JAN2017,Smart Sand Inc,3061120002,104125000,0,0,0,2
10520,14991,14MAY2025,Atara Biotherapeutics Inc,4397710002,5514306.57,0,0,0,2
7324,92935,25AUG2021,Sharps Compliance Corp,3790122002,15570000,1,0,0,2
8614,19004,17MAY2023,Cabaletta Bio Inc,4080434002,87000000,0,0,0,2
8008,21922,07JUN2022,Consensus Cloud Solutions Inc,3931429002,82000000,0,0,0,2
3232,15541,23JAN2018,Rapid7 Inc,3205706002,113960000,0,0,0,2
9612,19628,20NOV2023,Disc Medicine Inc,4248734002,177984000,0,0,0,2
4269,15534,16APR2019,Natera Inc,3382939002,100000002,0,0,0,2
351,14591,20MAR2015,Cerulean Pharma Inc,2735605002,35040000,0,0,0,2
10760,20179,28JUL2025,Bakkt Holdings Inc,4436032002,67536270,0,1,0,2
5969,18214,01DEC2020,Twist Bioscience Corp,3667549002,308249920,0,0,0,2
9493,17690,15APR2024,Helius Medical Technologies Inc,4222820002,1586247.75,0,0,0,2
2444,15125,22MAR2017,Bellicum Pharmaceuticals Inc,3083829002,60000000,0,0,0,2
1938,14179,07OCT2016,Antero Resources Corp,3135419012,174999994,0,0,0,2
2623,16381,12MAY2017,BlackLine Inc,3102946002,114782613,0,0,0,2
9789,14991,03SEP2024,Atara Biotherapeutics Inc,4281011002,6260925,0,0,0,2
3023,16617,02NOV2017,Propetro Holding Corp,3172052002,186000000,0,0,0,2
3049,14828,13NOV2017,Sage Therapeutics Inc,3177436002,299999935,0,0,0,2
6724,83883,17MAR2021,Option Care Health Inc,3713300002,240000000,0,0,0,2
8141,21922,14SEP2022,Consensus Cloud Solutions Inc,3985357002,23000000,0,0,0,2
942,85280,15OCT2015,Carrizo Oil & Gas Inc,2811825002,211750000,0,0,0,2
8919,14543,11SEP2023,Blue Bird Corp,4166359002,52500000,0,0,0,2
8678,17372,06JUN2023,Cogent Biosciences Inc,4089724002,150000000,0,0,0,2
8831,75912,01AUG2023,PTC Inc,4114554002,826530783.75,0,0,0,2
5087,88351,04MAY2020,Insmed Inc,3571355002,225525000,0,0,0,2
1222,24328,17OCT2013,EQT Corp,2922444002,380250000,0,0,0,2
9300,15542,28FEB2024,vTv Therapeutics Inc,4201687002,5484292.37,0,0,0,2
7156,18406,13JUL2021,INmune Bio Inc,3773109002,40000004,0,0,0,2
868,15016,03SEP2015,Sientra Inc,2797928002,66000000,0,0,0,2
1070,14400,15MAY2015,New Home Co Inc,2825898002,43750000,0,0,0,2
5303,76644,17JUN2020,United States Steel Corp,3589746002,429000000,0,0,0,2
8543,19484,02JUL2021,Vaxcyte Inc,4067013002,459200000,0,0,0,2
10840,67360,03JUN2025,Unitil Corp,4443564002,65000010.75,1,0,0,2
11199,20067,04DEC2025,SoFi Technologies Inc,4494830002,1499999985,0,1,0,2
1611,76127,15JUN2016,TETRA Technologies Inc,2972376002,55000000,0,0,0,2
10602,77175,12AUG2024,American Superconductor Corp,4409071002,115500000,0,0,0,2
3105,16765,20OCT2017,Myomo Inc,3167499002,9978250,0,0,0,2
8312,91402,08DEC2022,Chart Industries Inc,4010715002,700000083.9,0,0,0,2
7766,18106,07DEC2021,Bank7 Corp,3849307002,22000000,0,1,0,2
5997,18955,07DEC2020,IGM Biosciences Inc,3669751002,79910190,0,0,0,2
10767,16923,30AUG2024,Celcuity Inc,4435892002,69799996,0,0,0,2
4987,13798,10FEB2020,Oramed Pharmaceuticals Inc,3519386002,21000000,0,0,0,2
581,92040,03MAR2015,Amicus Therapeutics Inc,2761563002,224999999,0,0,0,2
4810,90233,10DEC2019,Momenta Pharmaceuticals Inc,3488190002,225000015,0,0,0,2
8266,21087,15NOV2022,Privia Health Group Inc,4001402002,117500000,0,0,0,2
7100,16064,28JUN2021,Intellia Therapeutics Inc,3764584002,599999995,0,0,0,2
5584,16709,01JUN2018,Ovid Therapeutics Inc,3626266002,50000000,0,0,0,2
200,14325,02DEC2014,Tandem Diabetes Care Inc,2727292002,60375000,0,0,0,2
276,12477,04OCT2012,Walker & Dunlop Inc,2733635002,135243157.6,0,1,0,2
1004,91603,10NOV2015,AmTrust Financial Services Inc,2819479002,320000000,0,1,0,2
10966,17327,29SEP2025,One Stop Systems Inc,4467033002,12500000,0,0,0,2
8861,21122,09AUG2023,Flywire Corp,4118084002,256000000,0,0,0,2
8520,15303,28JUL2021,Viking Therapeutics Inc,4060322002,250009000,0,0,0,2
9632,93073,26JUN2024,Addus HomeCare Corp,4254406002,162000000,0,0,0,2
3155,15638,14DEC2017,Global Blood Therapeutics Inc,3192082002,100000002,0,0,0,2
3312,15978,25FEB2018,ViewRay Inc,3218109002,58922728.11,0,0,0,2
2379,12448,06MAR2017,"First Republic Bank,San Francisco,California",3077056002,237500000,0,1,0,2
59,14874,08JAN2015,Otonomy Inc,2713578002,74587500,0,0,0,2
1802,15482,15AUG2016,Univar Inc,2995439002,397931079,0,0,0,2
568,13798,24JAN2014,Oramed Pharmaceuticals Inc,2760860002,5357145,0,0,0,2
9971,19635,09NOV2021,Harmony Biosciences Holdings Inc,4307136002,248000000,0,0,0,2
5632,19408,08SEP2020,Vroom Inc,3632110002,588600000,0,1,0,2
5872,19575,10NOV2020,BigCommerce Holdings Inc,3658882002,340000000,0,0,0,2
10385,19995,12MAR2025,Tarsus Pharmaceuticals Inc,4369122002,124999966,0,0,0,2
3171,86136,02JAN2018,Sempra Energy Inc,3199365002,2500000002,1,0,0,2
10660,93371,09MAY2024,CorMedix Inc,4422313002,85000005.09,0,0,0,2
2505,14044,17APR2017,Agios Pharmaceuticals Inc,3094083002,249999997.5,0,0,0,2
3289,16119,14FEB2018,Atkore International Group Inc,3213817002,129000000,0,0,0,2
5951,16064,30NOV2020,Intellia Therapeutics Inc,3666538002,175000016.5,0,0,0,2
2578,13739,10MAY2017,Bright Horizons Family Solutions Inc,3102406002,329925000,0,0,0,2
10404,24109,24MAR2025,American Electric Power Co Inc,4375492002,2000000088,1,0,0,2
10541,84761,20MAY2025,Take-Two Interactive Software Inc,4399588002,1068750000,0,0,0,2
993,92775,02NOV2015,LendingTree Inc,2817922002,97750000,0,1,0,2
11931,14535,24MAR2025,Neurogene Inc,4946465002,105000000,0,0,0,2
5138,82670,05SEP2019,TG Therapeutics Inc,3575479002,153000000,0,0,0,2
5386,19201,06JUL2020,Revolution Medicines Inc,3598660002,156000000,0,0,0,2
2045,88648,14NOV2016,TTM Technologies Inc,3036254002,138000000,0,0,0,2
6450,88462,10FEB2021,Cassava Sciences Inc,3698168002,200000017,0,0,0,2
6520,19081,16FEB2021,SiTime Corp,3699121002,381000000,0,0,0,2
216,13904,18JUN2014,Voya Financial Inc,2729366002,1424805450,0,1,0,2
9034,22199,06NOV2023,Vita Coco Co Inc,4153974002,110440000,0,0,0,2
6243,15198,20JAN2021,Invitae Corp,3689447002,399999985,0,0,0,2
9088,21589,28NOV2023,Verve Therapeutics Inc,4162880002,125000000,0,0,0,2
155,89452,28AUG2014,Quantum Fuel Systems Technologies Worldwide Inc,2724360002,10000000,0,0,0,2
6351,19197,01FEB2021,CuriosityStream Inc,3693458002,113165000,0,0,0,2
5587,18098,26AUG2020,AudioEye Inc,3626880002,138919000,0,0,0,2
11142,18664,12NOV2025,NextCure Inc,4486176012,6035806.56,0,0,0,2
266,13830,09MAR2015,West Corp,2731155002,338250000,0,0,0,2
7377,91041,14SEP2021,Live Nation Entertainment Inc,3799387002,455291607.1,0,0,0,2
8581,18212,04MAY2023,SI-Bone Inc,4075040002,83050000,0,0,0,2
5565,18579,19AUG2020,Avantor Inc,3624048002,555555540,0,0,0,2
198,14516,13FEB2015,Q2 Holdings Inc,2725115002,101166471.75,0,0,0,2
9461,18406,12MAR2021,INmune Bio Inc,4225836002,4755645.44,0,0,0,2
10904,14556,10SEP2025,Energous Corp,4455419002,950400,0,0,0,2
6854,18425,13APR2021,Bally's Corp,3727878002,605000000,0,0,0,2
1187,15401,01SEP2015,Baxalta Inc,2796813002,1484135080,0,0,0,2
9570,88351,19MAY2023,Insmed Inc,4240382002,649999988.5,0,0,0,2
2821,15466,09AUG2017,Milacron Holdings Corp,3137171002,157950000,0,0,0,2
249,13940,01OCT2014,Portola Pharmaceuticals Inc,2731146002,99826080,0,0,0,2
5128,18912,11MAY2020,Ping Identity Holding Corp,3573286002,204000000,0,0,0,2
3144,67360,11DEC2017,Unitil Corp,3189514002,28980000,1,0,0,2
8143,18656,14SEP2022,IDEAYA Biosciences Inc,3974606002,80000004,0,0,0,2
8730,22596,20JUN2023,Drilling Tools International Corp,4121509002,25859999.6,0,0,0,2
5207,18408,01JUN2020,Kaleido Biosciences Inc,3582351002,35625000,0,0,0,2
11017,25051,07OCT2025,Nano Nuclear Energy Inc,4473951012,400000033.37,0,0,0,2
8716,12781,13JUN2023,Spire Inc,4093458002,112000045.8,1,0,0,2
4997,12413,03MAR2020,Zogenix Inc,3521629002,200220000,0,0,0,2
8847,90353,07AUG2023,Beacon Roofing Supply Inc,4117005002,418250000,0,0,0,2
2882,15724,13SEP2017,Performance Food Group Co,3150468002,142000000,0,0,0,2
5965,19605,30NOV2020,Oak Street Health Inc,3666692002,259091780,0,0,0,2
3576,13911,12JUN2018,IQVIA Holdings Inc,3255705002,1242000000,0,0,0,2
10525,23978,13MAY2025,Savers Value Village Inc,4396823002,138750000,0,0,0,2
438,14131,21OCT2014,ClubCorp Holdings Inc,2749054002,249000000,0,0,0,2
6497,76928,11FEB2021,Sanara MedTech Inc,3697657002,27500000,0,0,0,2
4417,16928,24JUN2019,Krystal Biotech Inc,3420485002,100000000,0,0,0,2
1195,11292,27OCT2015,ImmuCell Corp,2913355002,5900002.5,0,0,0,2
4232,88195,03APR2019,Sangamo Therapeutics Inc,3377265002,126500000,0,0,0,2
2419,14810,21DEC2016,Investar Holding Corp,3082578002,30000006.25,0,1,0,2
2820,13954,08AUG2017,Esperion Therapeutics Inc,3136251002,151900000,0,0,0,2
3217,16162,23JAN2018,Audentes Therapeutics Inc,3205788002,201250000,0,0,0,2
4747,90978,18NOV2019,Sunpower Corp,3478667002,154000000,0,0,0,2
2024,14239,10NOV2016,Commscope Holding Co Inc,3034781002,661504343.5,0,0,0,2
278,13924,12JUN2014,Epizyme Inc,2733641002,124500000,0,0,0,2
3169,14991,09NOV2015,Atara Biotherapeutics Inc,3198617002,127750000,0,0,0,2
6661,16570,08MAR2018,Jounce Therapeutics Inc,3708539002,56250000,0,0,0,2
9798,19484,24MAY2024,Vaxcyte Inc,4280960002,1050000025,0,0,0,2
9605,19831,13JUN2024,Greenwich Lifesciences Inc,5112018012,2499997.5,0,0,0,2
8605,18772,18MAY2021,Akero Therapeutics Inc,4080809002,220017000,0,0,0,2
1767,78170,08AUG2016,SM Energy Co,2993625002,480000000,0,0,0,2
7691,17032,15NOV2021,Custom Truck One Source Inc,3833304002,104745287.5,0,0,0,2
5383,14803,08JUL2020,HealthEquity Inc,3599469002,257600000,0,1,0,2
6380,92601,03FEB2021,Northern Oil & Gas Inc,3694533002,121875000,0,0,0,2
2952,93368,10OCT2017,Eagle Bancorp Montana Inc,3164473002,19162500,0,1,0,2
10039,19826,21OCT2024,Abacus Life Inc,4317248002,80000000,0,1,0,2
7371,21601,13SEP2021,CS Disco Inc,3798766002,291500000,0,0,0,2
3445,88195,24APR2018,Sangamo Therapeutics Inc,3238090002,200037500,0,0,0,2
10835,92218,12AUG2025,TSS Inc,4442861002,51000000,0,0,0,2
9339,21600,06MAR2024,Paycor HCM Inc,4204348002,161200000,0,0,0,2
8848,20920,07AUG2023,DoubleVerify Holdings Inc,4116855002,408125000,0,0,0,2
7626,15795,08NOV2021,Surgery Partners Inc,3827679002,279000000,0,0,0,2
3650,84052,10JUL2018,ArQule Inc,3266246002,60500000,0,0,0,2
2795,14273,31JUL2017,Chegg Inc,3133389002,135000000,0,0,0,2
5151,15409,19MAY2020,Alarm.com Holdings Inc,3576527002,266781422.5,0,0,0,2
8658,18410,30MAY2023,AerSale Corp,4086663002,60600000,0,0,0,2
6227,13870,19JAN2021,Chimerix Inc,3689085002,100002500,0,0,0,2
3515,15788,21MAY2018,MyoKardia Inc,3247088002,183750000,0,0,0,2
2147,76127,09DEC2016,TETRA Technologies Inc,3047179002,99910000,0,0,0,2
2577,39642,08MAY2017,Becton Dickinson & Co,3100446002,2250375000,0,0,0,2
2365,80498,28FEB2017,Ameris Bancorp,3075799002,81375000,0,1,0,2
5943,18815,30NOV2020,Sunnova Energy International Inc,3666474002,259000000,1,0,0,2
6672,79839,08MAR2021,Itron Inc,3708091002,350000010,0,0,0,2
9368,87364,18MAR2024,QuickLogic Corp,4210298002,3560000,0,0,0,2
4723,18664,12NOV2019,NextCure Inc,3477369002,149836806,0,0,0,2
9107,19070,06DEC2023,89bio Inc,4166180002,139999998.75,0,0,0,2
8587,21554,09MAY2023,Integral Ad Science Holding Corp,4076761002,150000000,0,0,0,2
2053,14751,05OCT2015,Veritiv Corp,3037247002,72000000,0,0,0,2
5063,34666,24JUL2018,Caladrius Biosciences Inc,3567149002,4994603.46,0,0,0,2
4509,13918,21JUN2019,Arcturus Therapeutics Holdings Inc,3437857002,10875009.5,0,0,0,2
2212,77437,05JAN2017,Microbot Medical Inc,3057937012,3500000,0,0,0,2
139,14991,28JAN2015,Atara Biotherapeutics Inc,2719280002,65489994,0,0,0,2
10524,24971,13MAY2025,Loar Holdings Inc,4396813002,750690000,0,0,0,2
11475,25549,03OCT2025,Bicara Therapeutics Inc,4532242002,114800000,0,0,0,2
9037,21928,16MAY2022,IDACORP Inc,4154501002,259999987.2,1,0,0,2
8235,14815,07NOV2022,Marinus Pharmaceuticals Inc,3997886002,50000001,0,0,0,2
2236,89038,17JAN2017,Evans Bancorp Inc,3062083002,14000000,0,1,0,2
3736,14608,07AUG2018,Sabre Corp,3275072002,372750000,0,0,0,2
2000,24205,08JUL2015,NextEra Energy Inc,3030565002,1494000000,1,0,0,2
7669,17104,15NOV2021,Apellis Pharmaceuticals Inc,3830981002,350000000,0,0,0,2
3829,16705,17SEP2018,G1 Therapeutics Inc,3288908002,180000000,0,0,0,2
3296,15824,15FEB2018,Instructure Inc,3214251002,98750000,0,0,0,2
3303,15630,20FEB2018,Aimmune Therapeutics Inc,3215263002,176000000,0,0,0,2
1073,14879,01SEP2015,T2 Biosystems Inc,2825901002,34125000,0,0,0,2
6896,15071,03MAY2021,Syneos Health Inc,3736338002,571200000,0,0,0,2
3393,14257,26MAR2018,MacroGenics Inc,3228664002,95625000,0,0,0,2
4329,16173,16MAY2019,Waitr Holdings Inc,3394425002,50001800,0,0,0,2
1799,13688,15AUG2016,PG&E Corp,2995396002,309925000,1,0,0,2
5130,75233,13MAY2020,Vector Group Ltd,3574517002,57350000,0,0,0,2
4797,91832,10DEC2019,Madrigal Pharmaceuticals Inc,3488153002,129420000,0,0,0,2
2290,13167,02JUL2015,Synergy Pharmaceuticals Inc,3066123002,125000004.6,0,0,0,2
1143,75241,30MAY2014,Pioneer Natural Resources Co,2884714002,1404000000,0,0,0,2
205,57509,22JAN2013,Goodrich Petroleum Corp,2728845002,49800000,0,0,0,2
4975,18103,20FEB2020,BioSig Technologies Inc,3517303002,10000000,0,0,0,2
9039,86136,26MAY2023,Sempra,4154490002,1200000060,1,0,0,2
9126,18410,13DEC2023,AerSale Corp,4168916002,51000000,0,0,0,2
546,14763,22MAY2015,Catalent Inc,2755254002,406000000,0,0,0,2
8127,93369,08SEP2022,R1 RCM Inc,3972446002,306300000,0,0,0,2
3161,91832,18DEC2017,Madrigal Pharmaceuticals Inc,3192795002,125000075,0,0,0,2
3187,15934,16JAN2018,AveXis Inc,3203132002,400003200,0,0,0,2
2835,15065,14AUG2017,FibroGen Inc,3138620002,326000000,0,0,0,2
5160,86288,19MAY2020,CoStar Group Inc,3576797002,1499999780,0,0,0,2
6903,19945,03MAY2021,Academy Sports & Outdoors Inc,3736349002,353920000,0,0,0,2
2580,14932,10MAY2017,Middlefield Banc Corp,3103356012,16000000,0,1,0,2
527,14166,13AUG2014,NV5 Holdings Inc,2754997002,27885000,0,0,0,2
9773,61269,14MAY2024,Park Ohio Holdings Corp,4275948002,9999992.28,0,0,0,2
2263,15176,03MAR2016,Entellus Medical Inc,3064443002,60010000,0,0,0,2
10813,84819,10AUG2025,Sharplink Gaming Inc,4442354002,400000001.28,0,1,0,2
9252,23730,07FEB2024,Mineralys Therapeutics Inc,4193649012,112578781.5,0,0,0,2
9828,23570,12SEP2024,GE HealthCare Technologies Inc,4285117002,1290000000,0,0,0,2
3741,91815,06AUG2018,Central Garden & Pet Co,3274571002,185000000,0,0,0,2
5684,87404,11SEP2020,Crexendo Inc,3633843002,15400000,0,0,0,2
1735,14447,29JUL2016,Argos Therapeutics Inc,2989315002,49999999.5,0,0,0,2
9568,88504,29MAY2024,Bruker Corp,4240565002,408000000,0,0,0,2
1712,89821,20JUL2016,"BNC Bancorp,High Point, North Carolina",2986548002,55000000,0,1,0,2
4253,90539,09APR2019,PolarityTE Inc,3380035002,26756757,0,0,0,2
4307,18145,06MAY2019,Yeti Holdings Inc,3388853002,270750000,0,0,0,2
3308,16783,20FEB2018,Dova Pharmaceuticals Inc,3215549002,80000000,0,0,0,2
1752,91977,08AUG2016,B&G Foods Inc,2993454002,183750000,0,0,0,2
9402,21271,26MAR2024,Bowman Consulting Group Ltd,4214688002,49999992,0,0,0,2
61,13202,20DEC2013,Verastem Inc,2716953002,47125000,0,0,0,2
1088,84725,21NOV2013,Codorus Valley Bancorp Inc,2836846002,30000250,0,1,0,2
2914,14432,26SEP2017,Intra-Cellular Therapies Inc,3156621002,149999994.5,0,0,0,2
2255,12476,23JAN2017,Targa Resources Corp,3063310002,461200000,1,0,0,2
121,13369,06MAY2013,Clearsign Combustion Corp,2722187002,15210000,0,0,0,2
8317,15533,30APR2021,ImmunityBio Inc,4012117002,49999999.5,0,0,0,2
8072,18846,09AUG2022,Mirum Pharmaceuticals Inc,3960219002,80000003,0,0,0,2
1971,16140,07OCT2016,Twilio Inc,3016588002,280000000,0,0,0,2
3338,16705,05MAR2018,G1 Therapeutics Inc,3220906002,100300000,0,0,0,2
6029,12521,09DEC2020,Leaf Group Ltd,3671063002,30009000,0,0,0,2
8986,89900,10OCT2023,TD SYNNEX Corp,4143394002,648000000,0,0,0,2
107,91488,02FEB2015,ZIOPHARM Oncology Inc,2720986002,87500000,0,0,0,2
3972,12788,26NOV2018,Kosmos Energy Ltd,3313634002,81450000,0,0,0,2
4768,17036,03DEC2019,Cannae Holdings Inc,3484758002,214500000,0,0,0,2
8450,17104,22FEB2023,Apellis Pharmaceuticals Inc,4043221002,199999989,0,0,0,2
4716,16290,13NOV2019,Fulgent Genetics Inc,3476914002,26156250,0,0,0,2
1866,82639,08SEP2016,Impac Mortgage Holdings Inc,3007651002,39000000,0,1,0,2
9185,13954,15APR2022,Esperion Therapeutics Inc,4185277002,85050000,0,0,0,2
9281,87430,21FEB2024,Kratos Defense & Security Solutions Inc,4197665002,300000006,0,0,0,2
4785,93085,04DEC2019,Omeros Corp,3485709002,49999988.3,0,0,0,2
380,14828,06APR2015,Sage Therapeutics Inc,2740967002,119999985,0,0,0,2
5765,16795,27JUL2020,ShiftPixy Inc,3614242002,12000000,0,0,0,2
4101,14257,12FEB2019,MacroGenics Inc,3346791002,110000000,0,0,0,2
1233,13456,24FEB2016,Tesaro Inc,2975112012,154999915.02,0,0,0,2
11224,18776,10DEC2025,Immunovant Inc,4498445002,550200000,0,0,0,2
3496,17178,14MAY2018,CURO Group Holdings Corp,3244340002,115000000,0,1,0,2
5126,15720,13MAY2020,Edison International Corp,3574674002,799999963.62,1,0,0,2
8494,20294,07MAR2023,Intelligent Bio Solutions Inc,4049969002,2221284,0,0,0,2
821,14145,15JUL2015,Applied Optoelectronics Inc,2792530002,40006866.66,0,0,0,2
8859,14329,09AUG2023,Aramark Corp,4118042002,845174238.75,0,0,0,2
8727,18553,16JUN2023,Beam Global,4095655002,23967396,0,0,0,2
4597,17899,17SEP2019,Translate Bio Inc,3454542002,90000000,0,0,0,2
3495,89031,14MAY2018,Axon Enterprise Inc,3244315002,227900000,0,0,0,2
7044,92601,16JUN2021,Northern Oil & Gas Inc,3757416002,87500000,0,0,0,2
3068,14054,15NOV2017,Mirati Therapeutics Inc,3179033002,26206713,0,0,0,2
9105,90353,06DEC2023,Beacon Roofing Supply Inc,4166255002,400500000,0,0,0,2
2653,88863,06JUN2017,Exact Sciences Corp,3111744002,245000000,0,0,0,2
9947,17223,28OCT2024,ADT Inc,4306282002,408800000,0,0,0,2
2705,13947,26JUN2017,bluebird bio Inc,3119823002,400050000,0,0,0,2
5936,19534,23NOV2020,Montrose Environmental Group Inc,3663762009,134071417,0,0,0,2
6311,17898,28JAN2021,Neuronetics Inc,3692701002,75020000,0,0,0,2
6560,91161,24FEB2021,Green Plains Inc,3702198002,175030000,0,0,0,2
7139,86887,06JUL2021,Manhattan Bridge Capital Inc,3768408002,13500000,0,1,0,2
7157,91503,13JUL2021,LeMaitre Vascular Inc,3771196002,54500000,0,0,0,2
10765,20067,29JUL2025,SoFi Technologies Inc,4436450002,1500000082.5,0,1,0,2
9413,21294,27MAR2024,Five Star Bancorp,4215315002,75037500,0,1,0,2
3331,16499,05MAR2018,Park Hotels & Resorts Inc,3220108002,887847743,0,1,0,2
4592,90177,17SEP2019,Acadia Pharmaceuticals Inc,3454537002,250000000,0,0,0,2
5298,18656,16JUN2020,IDEAYA Biosciences Inc,3589140002,100000005,0,0,0,2
11490,19032,06NOV2023,Vir Biotechnology Inc,4532307002,150000001.5,0,0,0,2
5113,16263,31OCT2019,Protagonist Therapeutics Inc,3572994002,98000000,0,0,0,2
4322,17317,15MAY2019,Evolus Inc,3393775002,80000000,0,0,0,2
2086,16171,15NOV2016,Kinsale Capital Group Inc,3036746002,92400000,0,1,0,2
8918,36003,06SEP2023,Rollins Inc,4128674002,1355343500,0,0,0,2
1985,87656,19JUN2015,Abeona Therapeutics Inc,3027699002,42000000,0,0,0,2
705,88863,20JUL2015,Exact Sciences Corp,2777803002,178500000,0,0,0,2
5434,89790,03JAN2020,Tellurian Inc,3612559002,35000000,0,0,0,2
2982,15978,23OCT2017,ViewRay Inc,3168529002,49876725.85,0,0,0,2
2276,13532,24JAN2017,Howard Bancorp Inc,3063889002,36000000,0,1,0,2
8593,89875,11MAY2023,ANI Pharmaceuticals Inc,4077773002,75000032.5,0,0,0,2
8035,21589,01JUL2022,Verve Therapeutics Inc,3950906002,225000018,0,0,0,2
10107,24971,09DEC2024,Loar Holdings Inc,4324879002,488750000,0,0,0,2
3827,83145,13SEP2018,IRIDEX Corp,3287851002,10000002,0,0,0,2
7697,92601,17NOV2021,Northern Oil & Gas Inc,3832877002,200000000,0,0,0,2
4621,18563,23SEP2019,Palomar Holdings Inc,3457073002,191625000,0,1,0,2
3422,90539,11APR2018,PolarityTE Inc,3234192002,32500000,0,0,0,2
2683,13400,19JUN2017,WageWorks Inc,3116609002,173125000,0,1,0,2
6655,54199,08MAR2021,SJW Group,3708113002,60770000,1,0,0,2
3006,15478,30OCT2017,TransUnion,3170795002,197231451.9,0,0,0,2
9120,21219,11DEC2023,Gulfport Energy Corp,4168015002,84231509.6,0,0,0,2
7934,92594,31MAR2022,SELLAS Life Sciences Group Inc,3897948002,25000002,0,0,0,2
10271,23738,15MAY2024,Atlas Energy Solutions Inc,4350308002,264500000,0,0,0,2
2843,16689,17AUG2017,Peabody Energy Corp,3140629002,346880000,0,0,0,2
10488,24815,05MAY2025,Unusual Machines Inc,4393168002,40000000,0,0,0,2
5593,17154,26AUG2020,Odonate Therapeutics Inc,3627065002,80000013,0,0,0,2
5094,23297,06MAY2020,Brinker International Inc,3572058002,127750000,0,0,0,2
10910,25141,10SEP2025,Waystar Holding Corp,4455150002,709200000,0,0,0,2
9713,77526,29JUL2024,"Renasant Corp,Tupelo,MS",4266234002,200000000,0,1,0,2
7185,90126,19JUL2021,Cytokinetics Inc,3774324002,275000000,0,0,0,2
5894,17942,17NOV2020,Keurig Dr Pepper Inc,3661093002,1707000000,0,0,0,2
2759,86444,18JUL2017,Inovio Pharmaceuticals Inc,3129377002,75000000,0,0,0,2
7709,88542,17NOV2021,Lantronix Inc,3833276002,35250000,0,0,0,2
3025,43123,15MAY2015,Allegheny Technologies Inc,3173424002,408000000,0,0,0,2
4240,16111,04APR2019,Syros Pharmaceuticals Inc,3377783002,65004997.5,0,0,0,2
6232,86444,20JAN2021,Inovio Pharmaceuticals Inc,3689336002,150450000,0,0,0,2
5245,17889,08JUN2020,Kezar Life Sciences Inc,3585336002,41749999.5,0,0,0,2
11266,11674,19DEC2025,DTE Energy Co,4511808002,1499999985.6,1,0,0,2
8179,15221,01MAR2022,Rocket Pharmaceuticals Inc,3984277002,100300000,0,0,0,2
3137,13947,11DEC2017,bluebird bio Inc,3189909002,600000140,0,0,0,2
2346,15638,21FEB2017,Global Blood Therapeutics Inc,3073337002,125000004.5,0,0,0,2
2717,85280,28JUN2017,Carrizo Oil & Gas Inc,3121713002,227760000,0,0,0,2
8257,19822,14NOV2022,Corsair Gaming Inc,4001322002,75000007.5,0,0,0,2
9522,23876,13MAY2024,Kenvue Inc,4233794002,3646591000,0,0,0,2
11153,89572,07AUG2024,CEVA Inc,4486405002,58500000,0,1,0,2
2794,15022,10NOV2015,Veritex Holdings Inc,3133861002,52158750,0,1,0,2
9817,20632,01FEB2023,Terns Pharmaceuticals Inc,4283429002,125150004,0,0,0,2
148,90604,04APR2014,Threshold Pharmaceuticals Inc,2724295002,30046000,0,0,0,2
1963,14961,19OCT2016,Fairmount Santrol Holdings Inc,3020142002,285862500,0,0,0,2
10309,75186,10FEB2025,Charles Schwab Corp,4353889002,5074581172.5,0,1,0,2
5044,15724,15APR2020,Performance Food Group Co,3556196002,303750000,0,0,0,2
6482,19981,09FEB2021,Oncorus Inc,3696501002,57000000,0,0,0,2
6831,18257,07APR2021,Eton Pharmaceuticals Inc,3724200002,9240000,0,0,0,2
4995,14316,02MAR2020,Karyopharm Therapeutics Inc,3520853002,150000000,0,0,0,2
7309,16554,16AUG2021,Jeld-Wen Holding Inc,3785722002,427888952.5,0,0,0,2
11014,25635,07OCT2025,Zenas BioPharma Inc,4500440012,118975967,0,0,0,2
3360,80640,14MAR2018,La Jolla Pharmaceutical Co,3224234002,100300000,0,0,0,2
5515,52898,10AUG2020,Essential Utilities Inc,3620195002,310880000,1,0,0,2
6177,14647,13JAN2021,Aldeyra Therapeutics Inc,3686901002,65000007,0,0,0,2
11046,25143,18OCT2025,GRAIL Inc,4518727012,324999987.15,0,0,0,2
2506,16162,10APR2017,Audentes Therapeutics Inc,3091656002,75400000,0,0,0,2
2237,11636,18JAN2017,Heron Therapeutics Inc,3062053002,150060000,0,0,0,2
9995,80072,07NOV2024,Valley National Bancorp,4310609002,399999993.8,0,1,0,2
3389,17144,26MAR2018,General Mills Inc,3228847002,1000000012,0,0,0,2
9600,84761,12JUN2024,Take-Two Interactive Software Inc,4246696002,437247978,0,0,0,2
76,93085,16JAN2015,Omeros Corp,2719310002,59999985.18,0,0,0,2
3186,16541,08NOV2017,AquaBounty Technologies Inc,3174941002,11963074.68,0,0,0,2
4524,16971,07AUG2019,National Vision Holdings Inc,3439165002,283647148,0,0,0,2
10826,55212,11AUG2025,SPX Technologies Inc,4441938002,500000100,0,0,0,2
8935,13124,13SEP2023,Vital Energy Inc,4131814002,163625000,0,0,0,2
9108,92780,06DEC2023,HCI Group Inc,4166150002,78000000,0,1,0,2
4969,18214,18FEB2020,Twist Bioscience Corp,3515856002,129999996,0,0,0,2
441,14803,01APR2015,HealthEquity Inc,2740156002,99715000,0,1,0,2
3669,12960,16JUL2018,Carbonite Inc,3268329002,204871387.5,0,0,0,2
1087,84184,13NOV2013,Accelerate Diagnostics Inc,2837818002,95000012,0,0,0,2
11117,19455,05NOV2025,Opendoor Technologies Inc,4482276002,1184606112,0,1,1,2
4361,15016,03JUN2019,Sientra Inc,3403571002,100000003.75,0,0,0,2
3989,13911,29NOV2018,IQVIA Holdings Inc,3315721002,745500000,0,0,0,2
11895,86536,03OCT2024,CervoMed Inc,4936276002,10000000,0,0,0,2
1679,77699,06JUL2016,Fuelcell Energy Inc,2981381002,8593420,0,0,0,2
6911,20332,03MAY2021,Vivos Therapeutics Inc,3736606002,24000000,0,0,0,2
7904,15022,03MAR2022,Veritex Holdings Inc,3882674002,150000022,0,1,0,2
9351,17317,08MAR2023,Evolus Inc,4206164002,50004780,0,0,0,2
386,91128,06NOV2013,Gulfport Energy Corp,2743642002,453625000,0,0,0,2
8790,13796,18JUL2023,Harrow Health Inc,4107313002,60000005.5,0,0,0,2
7069,20764,21JUN2021,AFC Gamma Inc,3760165002,56375000,0,1,0,2
9746,22079,12AUG2024,Life Time Group Holdings Inc,4270996002,261000000,0,0,0,2
5327,91937,22JUN2020,T-Mobile US Inc,3592184002,14769435946,0,0,0,2
5140,13947,18MAY2020,bluebird bio Inc,3575914002,500000050,0,0,0,2
394,14531,02APR2015,Akebia Therapeutics Inc,2743247002,59999997.75,0,0,0,2
9204,21336,25JAN2024,Tourmaline Bio Inc,4187184002,149999980,0,0,0,2
1849,14667,08SEP2016,Resonant Inc,3004287002,10033697.5,0,0,0,2
10336,17374,28FEB2023,Arcus Biosciences Inc,4357406002,150000004,0,0,0,2
5350,18414,25JUN2020,Soliton Inc,3594918002,35000004.4,0,0,0,2
10435,20640,24MAR2025,GRI Bio Inc,4376061002,727200,0,0,0,2
6011,89169,08DEC2020,Delcath Systems Inc,3670584002,19345357.75,0,0,0,2
579,14834,01JUN2015,TubeMogul Inc,2757785002,82896124.5,0,0,0,2
432,76360,26JAN2015,Good Times Restaurants Inc,2747454002,19728745.75,0,0,0,2
9931,25045,21OCT2024,Bowhead Specialty Holdings Inc,4302936002,116000000,0,1,0,2
6123,18401,06JAN2021,Harpoon Therapeutics Inc,3683877002,99999984,0,0,0,2
9899,17959,21JUN2024,Crinetics Pharmaceuticals Inc,4298179002,500000000,0,0,0,2
5214,16064,01JUN2020,Intellia Therapeutics Inc,3582332002,100000017.25,0,0,0,2
4559,16076,04SEP2019,GMS Inc,3449335002,185641577.6,0,0,0,2
7006,77007,09JUN2021,iMedia Brands Inc,3752613002,43478262,0,0,0,2
4023,17895,17DEC2018,OptimizeRx Corp,3323024002,24402943.2,0,0,0,2
8546,21732,18APR2023,Immuneering Corp,4067362002,30000003,0,0,0,2
9833,21844,08OCT2021,Focus Universal Inc,4287485002,1200000,0,0,0,2
3858,17864,24SEP2018,BJ's Wholesale Club Holdings Inc,3292468002,728000000,0,0,0,2
9306,19930,29FEB2024,Ccc Intelligent Solutions Holdings Inc,4201498002,491060000,0,0,0,2
1592,14822,21JUL2015,Minerva Neurosciences Inc,2971700002,50000001,0,0,0,2
8639,19017,23MAY2023,Phathom Pharmaceuticals Inc,4082992002,130718750,0,0,0,2
3240,14691,29JAN2018,CymaBay Therapeutics Inc,3207715002,125280000,0,0,0,2
3870,14647,26SEP2018,Aldeyra Therapeutics Inc,3293494002,72187500,0,0,0,2
4086,16642,07FEB2019,Presidio Inc,3344289002,61000000,0,0,0,2
5148,18312,18MAY2020,Moderna Inc,3576025002,1337600000,0,0,0,2
10576,23509,02JUN2025,ASP Isotopes Inc,4405267002,50000000.05,0,0,0,2
1730,88863,27JUL2016,Exact Sciences Corp,2988935002,131750000,0,0,0,2
10870,24072,24AUG2025,DeFi Development Corp,4447709012,52148837.5,0,1,0,2
7126,18192,29JUN2021,Grid Dynamics Holdings Inc,3765363002,151806937.86,0,0,0,2
3769,15978,14AUG2018,ViewRay Inc,3277462002,150000007.25,0,0,0,2
3588,46463,11JUN2018,Griffon Corp,3256272002,87391962,0,0,0,2
191,13548,04MAR2014,Bloomin' Brands Inc,2728074002,465933051.9,0,0,0,2
512,14245,01OCT2014,Fate Therapeutics Inc,2753632002,30000000,0,0,0,2
10088,50948,04DEC2024,Semtech Corp,4322803002,575000055,0,0,0,2
2055,87430,20AUG2014,Kratos Defense & Security Solutions Inc,3038168002,70020000,0,0,0,2
8028,19485,02JUL2021,Pliant Therapeutics Inc,3947432002,200000003.5,0,0,0,2
869,81774,10AUG2015,Freeport-McMoRan Inc,2804935002,999628061.52,0,0,0,2
56,92232,27SEP2013,Horsehead Holding Corp,2716954002,63750000,0,0,0,2
10484,17942,01MAY2025,Keurig Dr Pepper Inc,4392512002,2508750000,0,0,0,2
554,89781,29MAY2015,Molina Healthcare Inc,2757719002,338750000,0,1,0,2
6015,17367,07DEC2020,Open Lending Corp,3669755002,266000000,0,0,0,2
4352,92040,29MAY2019,Amicus Therapeutics Inc,3399628002,175000002.5,0,0,0,2
3015,16064,01NOV2017,Intellia Therapeutics Inc,3171389002,150000000,0,0,0,2
8070,22812,08AUG2022,BellRing Brands Inc,3959537002,347800000,0,0,0,2
10067,20058,29NOV2024,Olema Pharmaceuticals Inc,4328085012,180954185,0,0,0,2
9549,21348,21MAY2024,LifeStance Health Group Inc,4237301002,125000000,0,0,0,2
8264,89925,16NOV2022,DZS Inc,4001895002,28839125,0,0,0,2
60,14707,20JAN2015,Radius Health Inc,2716952002,147000000,0,0,0,2
4477,16398,22JUL2019,Ra Pharmaceuticals Inc,3432986002,130000000,0,0,0,2
8300,52231,30NOV2021,Soluna Holdings Inc,4009049002,855000,0,0,0,2
9599,16611,12JUN2024,J Jill Inc,4246733002,62000000,0,0,0,2
2673,15429,14JUN2017,Lantheus Holdings Inc,3117703002,45750000,0,0,0,2
5311,87430,17JUN2020,Kratos Defense & Security Solutions Inc,3589779002,219375000,0,0,0,2
7029,18912,14JUN2021,Ping Identity Holding Corp,3757022002,144000000,0,0,0,2
3386,16268,20OCT2017,At Home Group Inc,3228846002,180000000,0,0,0,2
3906,77900,15OCT2018,CPI Aerostructures Inc,3299140002,15000000,0,0,0,2
7839,15313,19JAN2022,Enviva Inc,3863986002,301000000,0,0,0,2
1149,13263,07MAY2015,Cempra Inc,2884952002,100000008,0,0,0,2
1560,14763,06JUN2016,Catalent Inc,2968567002,248500000,0,0,0,2
4703,17317,06NOV2019,Evolus Inc,3474085002,67821000,0,0,0,2
2953,53613,10OCT2017,Micron Technology Inc,3162546002,1200000013,0,0,0,2
307,13299,28MAY2013,Nationstar Mortgage Holdings Inc,2736533002,506625000,0,1,0,2
7035,16263,14JUN2021,Protagonist Therapeutics Inc,3755885002,115000014.5,0,0,0,2
8839,20649,03AUG2023,Hayward Holdings Inc,4115746002,318314854,0,0,0,2
2334,69586,20MAR2014,Seacoast Banking Corp of Florida,3070586002,172437500,0,1,0,2
2690,88195,20JUN2017,Sangamo Therapeutics Inc,3117718002,72500000,0,0,0,2
7019,16560,09JUN2021,REV Group Inc,3753312002,85250000,0,0,0,2
9797,14884,04SEP2024,V2X Inc,4281577002,96000000,0,0,0,2
6695,19187,15MAR2021,CleanSpark Inc,3711832002,200000020,0,0,0,2
2201,85168,04JAN2017,Helix Energy Solutions Group Inc,3057343002,198950000,0,0,0,2
188,14321,04DEC2014,Relypsa Inc,2727302002,150150000,0,0,0,2
6315,79864,28JAN2021,VSE Corp,3692582002,50001000,0,0,0,2
10951,23117,28JUN2024,PepGen Inc,4462578002,100000000,0,0,0,2
9695,19938,23JUL2024,Allegro MicroSystems Inc,4264128002,600000000,0,0,0,2
5347,19082,23JUN2020,TELA Bio Inc,3593061002,48000000,0,0,0,2
6987,17942,27AUG2019,Keurig Dr Pepper Inc,3751474002,998200000,0,0,0,2
